{"0": {"name": "Basketball", "score": 0.9289922118186951, "vertices": [[0.5679377913475037, 0.6664555668830872], [0.6824386715888977, 0.6664555668830872], [0.6824386715888977, 0.8411896824836731], [0.5679377913475037, 0.8411896824836731]]}, "1": {"name": "Person", "score": 0.8883692622184753, "vertices": [[0.53049236536026, 0.03536331281065941], [0.8840777277946472, 0.03536331281065941], [0.8840777277946472, 0.9964871406555176], [0.53049236536026, 0.9964871406555176]]}, "2": {"name": "Person", "score": 0.8857919573783875, "vertices": [[0.15131156146526337, 0.04145696759223938], [0.4310237169265747, 0.04145696759223938], [0.4310237169265747, 0.9973957538604736], [0.15131156146526337, 0.9973957538604736]]}, "3": {"name": "Person", "score": 0.8695247769355774, "vertices": [[0.229938805103302, 0.445236474275589], [0.6843600869178772, 0.445236474275589], [0.6843600869178772, 0.9973957538604736], [0.229938805103302, 0.9973957538604736]]}, "4": {"name": "Top", "score": 0.8157581686973572, "vertices": [[0.6426441669464111, 0.40309515595436096], [0.8380930423736572, 0.40309515595436096], [0.8380930423736572, 0.9024162292480469], [0.6426441669464111, 0.9024162292480469]]}, "5": {"name": "Person", "score": 0.801880419254303, "vertices": [[0.0016930230194702744, 0.6059913635253906], [0.0937785804271698, 0.6059913635253906], [0.0937785804271698, 0.9531280994415283], [0.0016930230194702744, 0.9531280994415283]]}, "6": {"name": "Top", "score": 0.7795853018760681, "vertices": [[0.20402926206588745, 0.33193179965019226], [0.4019767940044403, 0.33193179965019226], [0.4019767940044403, 0.8132045865058899], [0.20402926206588745, 0.8132045865058899]]}, "7": {"name": "Top", "score": 0.7521740794181824, "vertices": [[0.30601319670677185, 0.4724668562412262], [0.679436981678009, 0.4724668562412262], [0.679436981678009, 0.9942907094955444], [0.30601319670677185, 0.9942907094955444]]}, "8": {"name": "Person", "score": 0.7490606904029846, "vertices": [[0.8781018853187561, 0.24994613230228424], [0.9968532919883728, 0.24994613230228424], [0.9968532919883728, 0.618514358997345], [0.8781018853187561, 0.618514358997345]]}, "9": {"name": "Person", "score": 0.7456933856010437, "vertices": [[0.8749062418937683, 0.5870750546455383], [0.9890750050544739, 0.5870750546455383], [0.9890750050544739, 0.8974140286445618], [0.8749062418937683, 0.8974140286445618]]}}